Time, Altitude, Velocity, Temperature (C), Voltage
0,-1,0,23.54,9.4
0.05,-1,0,23.54,9.4
0.1,-1,4,23.54,9.4
0.15,-1,4,23.55,9.4
0.2,0,8,23.54,9.4
0.25,0,12,23.54,9.4
0.3,1,17,23.54,9.4
0.35,2,24,23.54,9.4
0.4,1,31,23.54,9.4
0.45,5,36,23.54,9.4
0.5,12,41,23.54,9.4
0.55,8,47,23.54,9.4
0.6,13,55,23.54,9.4
0.65,10,64,23.54,9.4
0.7,22,78,23.54,9.4
0.75,22,93,23.54,9.4
0.8,30,110,23.54,9.4
0.85,33,127,23.54,9.4
0.9,41,144,23.54,9.4
0.95,51,160,23.54,9.4
1,60,175,23.54,9.4
1.05,69,190,23.55,9.4
1.1,78,203,23.54,9.4
1.15,90,220,23.53,9.4
1.2,100,240,23.54,9.4
1.25,113,263,23.53,9.4
1.3,127,288,23.54,9.4
1.35,143,313,23.53,9.4
1.4,163,335,23.52,9.4
1.45,179,355,23.52,9.4
1.5,197,371,23.52,9.4
1.55,218,382,23.51,9.4
1.6,238,390,23.51,9.4
1.65,256,393,23.5,9.4
1.7,280,390,23.5,9.4
1.75,298,381,23.5,9.4
1.8,316,366,23.5,9.4
1.85,335,345,23.5,9.4
1.9,351,322,23.5,9.4
1.95,367,300,23.51,9.4
2,378,281,23.51,9.4
2.05,390,270,23.52,9.4
2.1,402,268,23.53,9.4
2.15,416,275,23.54,9.4
2.2,430,291,23.55,9.4
2.25,444,314,23.55,9.4
2.3,459,342,23.55,9.4
2.35,481,371,23.55,9.4
2.4,502,399,23.55,9.4
2.45,521,424,23.56,9.4
2.5,544,444,23.55,9.4
2.55,571,459,23.56,9.4
2.6,593,475,23.55,9.4
2.65,614,488,23.57,9.4
2.7,641,502,23.56,9.4
2.75,668,518,23.56,9.4
2.8,693,534,23.56,9.4
2.85,723,552,23.56,9.4
2.9,749,576,23.56,9.4
2.95,777,607,23.55,9.4
3,808,642,23.55,9.4
3.05,843,680,23.55,9.4
3.1,881,710,23.54,9.4
3.15,920,723,23.53,9.4
3.2,961,713,23.52,9.4
3.25,998,677,23.5,9.4
3.3,1031,616,23.5,9.4
3.35,1060,539,23.5,9.4
3.4,1079,458,23.5,9.4
3.45,1097,383,23.5,9.4
3.5,1111,323,23.51,9.4
3.55,1121,286,23.52,9.4
3.6,1131,272,23.53,9.4
3.65,1142,280,23.54,9.4
3.7,1158,302,23.54,9.4
3.75,1176,329,23.55,9.4
3.8,1194,356,23.55,9.4
3.85,1215,376,23.55,9.4
3.9,1235,390,23.56,9.4
3.95,1256,399,23.56,9.4
4,1273,407,23.56,9.4
4.05,1294,417,23.55,9.4
4.1,1316,427,23.55,9.4
4.15,1339,439,23.55,9.4
4.2,1361,452,23.56,9.4
4.25,1384,469,23.55,9.4
4.3,1407,493,23.55,9.4
4.35,1431,527,23.55,9.4
4.4,1456,568,23.55,9.4
4.45,1489,610,23.55,9.4
4.5,1525,644,23.54,9.4
4.55,1563,661,23.52,9.4
4.6,1597,656,23.51,9.4
4.65,1631,628,23.51,9.4
4.7,1662,582,23.5,9.4
4.75,1689,523,23.5,9.4
4.8,1710,458,23.5,9.4
4.85,1730,392,23.5,9.4
4.9,1746,330,23.5,9.4
4.95,1760,277,23.5,9.4
5,1767,239,23.51,9.4
5.05,1775,217,23.52,9.4
5.1,1785,214,23.52,9.4
5.15,1793,227,23.53,9.4
5.2,1805,251,23.54,9.4
5.25,1822,278,23.54,9.4
5.3,1838,304,23.55,9.4
5.35,1854,324,23.55,9.4
5.4,1871,339,23.55,9.4
5.45,1890,349,23.55,9.4
5.5,1908,356,23.55,9.4
5.55,1926,361,23.55,9.4
5.6,1943,366,23.55,9.4
5.65,1961,370,23.55,9.4
5.7,1982,374,23.54,9.4
5.75,2001,380,23.55,9.4
5.8,2019,389,23.55,9.4
5.85,2037,405,23.55,9.4
5.9,2057,431,23.55,9.4
5.95,2079,466,23.54,9.4
6,2105,505,23.54,9.4
6.05,2132,544,23.54,9.4
6.1,2164,576,23.54,9.4
6.15,2196,593,23.52,9.4
6.2,2228,593,23.52,9.4
6.25,2259,574,23.5,9.4
6.3,2287,537,23.5,9.4
6.35,2314,486,23.49,9.4
6.4,2335,427,23.49,9.4
6.45,2352,365,23.49,9.4
6.5,2366,305,23.49,9.4
6.55,2378,252,23.5,9.4
6.6,2388,208,23.5,9.4
6.65,2394,176,23.5,9.4
6.7,2401,159,23.52,9.4
6.75,2406,156,23.52,9.4
6.8,2412,165,23.53,9.4
6.85,2421,184,23.54,9.4
6.9,2433,205,23.55,9.4
6.95,2446,226,23.54,9.4
7,2458,243,23.55,9.4
7.05,2471,257,23.55,9.4
7.1,2484,267,23.55,9.4
7.15,2497,276,23.55,9.4
7.2,2513,283,23.55,9.4
7.25,2528,288,23.55,9.4
7.3,2542,292,23.55,9.4
7.35,2556,295,23.55,9.4
7.4,2571,298,23.55,9.4
7.45,2587,300,23.55,9.4
7.5,2602,301,23.55,9.4
7.55,2617,303,23.55,9.4
7.6,2632,305,23.55,9.4
7.65,2647,311,23.55,9.4
7.7,2662,323,23.55,9.4
7.75,2678,341,23.55,9.4
7.8,2695,365,23.55,9.4
7.85,2715,395,23.55,9.4
7.9,2736,427,23.55,9.4
7.95,2760,458,23.54,9.4
8,2785,484,23.53,9.4
8.05,2811,502,23.52,9.4
8.1,2839,507,23.52,9.4
8.15,2866,500,23.51,9.4
8.2,2891,481,23.5,9.4
8.25,2914,451,23.5,9.4
8.3,2936,413,23.5,9.4
8.35,2953,372,23.5,9.4
8.4,2970,327,23.49,9.4
8.45,2985,282,23.49,9.4
8.5,2996,239,23.49,9.4
8.55,3006,199,23.49,9.4
8.6,3012,164,23.49,9.4
8.65,3018,135,23.5,9.4
8.7,3024,112,23.5,9.4
8.75,3028,98,23.5,9.4
8.8,3030,93,23.52,9.4
8.85,3034,95,23.52,9.4
8.9,3040,105,23.52,9.4
8.95,3044,120,23.54,9.4
9,3052,138,23.54,9.4
9.05,3060,155,23.54,9.4
9.1,3069,171,23.55,9.4
9.15,3079,183,23.54,9.4
9.2,3088,191,23.55,9.4
9.25,3099,196,23.55,9.4
9.3,3109,199,23.54,9.4
9.35,3119,200,23.55,9.4
9.4,3129,200,23.55,9.4
9.45,3139,201,23.55,9.4
9.5,3148,203,23.55,9.4
9.55,3159,206,23.55,9.4
9.6,3169,209,23.55,9.4
9.65,3181,212,23.55,9.4
9.7,3191,215,23.55,9.4
9.75,3202,216,23.55,9.4
9.8,3213,216,23.55,9.4
9.85,3223,216,23.55,9.4
9.9,3235,215,23.55,9.4
9.95,3245,216,23.55,9.4
10,3256,216,23.55,9.4
10.05,3267,219,23.55,9.4
10.1,3276,224,23.55,9.4
10.15,3289,233,23.55,9.4
10.2,3300,246,23.55,9.4
10.25,3312,262,23.55,9.4
10.3,3327,280,23.55,9.4
10.35,3342,299,23.54,9.4
10.4,3358,318,23.55,9.4
10.45,3375,334,23.54,9.4
10.5,3393,347,23.54,9.4
10.55,3411,357,23.54,9.4
10.6,3430,362,23.52,9.4
10.65,3448,362,23.51,9.4
10.7,3468,358,23.51,9.4
10.75,3485,349,23.5,9.4
10.8,3502,336,23.5,9.4
10.85,3518,322,23.5,9.4
10.9,3533,306,23.49,9.4
10.95,3548,287,23.5,9.4
11,3562,266,23.49,9.4
11.05,3575,242,23.49,9.4
11.1,3586,217,23.49,9.4
11.15,3594,192,23.49,9.4
11.2,3601,168,23.49,9.4
11.25,3611,145,23.49,9.4
11.3,3616,124,23.48,9.4
11.35,3620,105,23.49,9.4
11.4,3625,87,23.49,9.4
11.45,3629,71,23.49,9.4
11.5,3631,57,23.49,9.4
11.55,3632,46,23.5,9.4
11.6,3634,38,23.5,9.4
11.65,3636,33,23.5,9.4
11.7,3637,30,23.51,9.4
11.75,3638,31,23.52,9.4
11.8,3639,34,23.52,9.4
11.85,3641,41,23.52,9.4
11.9,3643,49,23.54,9.4
11.95,3647,59,23.53,9.4
12,3649,70,23.54,9.4
12.05,3654,80,23.54,9.4
12.1,3659,89,23.54,9.4
12.15,3664,96,23.54,9.4
12.2,3669,100,23.54,9.4
12.25,3674,103,23.55,9.4
12.3,3681,104,23.54,9.4
12.35,3684,104,23.55,9.4
12.4,3690,104,23.55,9.4
12.45,3695,104,23.55,9.4
12.5,3701,105,23.55,9.4
12.55,3705,105,23.55,9.4
12.6,3711,105,23.55,9.4
12.65,3717,104,23.54,9.4
12.7,3722,103,23.55,9.4
12.75,3726,102,23.55,9.4
12.8,3731,103,23.55,9.4
12.85,3736,104,23.55,9.4
12.9,3742,106,23.55,9.4
12.95,3748,107,23.55,9.4
13,3753,107,23.55,9.4
13.05,3758,106,23.55,9.4
13.1,3763,104,23.55,9.4
13.15,3769,103,23.55,9.4
13.2,3774,101,23.55,9.4
13.25,3778,101,23.55,9.4
13.3,3783,101,23.55,9.4
13.35,3789,101,23.55,9.4
13.4,3793,101,23.55,9.4
13.45,3799,101,23.55,9.4
13.5,3804,100,23.55,9.4
13.55,3809,98,23.55,9.4
13.6,3813,96,23.55,9.4
13.65,3818,93,23.55,9.4
13.7,3823,92,23.55,9.4
13.75,3828,90,23.55,9.4
13.8,3831,90,23.55,9.4
13.85,3835,93,23.55,9.4
13.9,3840,96,23.55,9.4
13.95,3847,101,23.55,9.4
14,3850,109,23.55,9.4
14.05,3855,118,23.55,9.4
14.1,3863,128,23.55,9.4
14.15,3869,138,23.55,9.4
14.2,3877,148,23.55,9.4
14.25,3886,156,23.54,9.4
14.3,3893,164,23.53,9.4
14.35,3902,170,23.54,9.4
14.4,3910,177,23.54,9.4
14.45,3919,183,23.53,9.4
14.5,3930,188,23.52,9.4
14.55,3940,192,23.52,9.4
14.6,3949,194,23.52,9.4
14.65,3959,195,23.51,9.4
14.7,3969,195,23.5,9.4
14.75,3978,197,23.5,9.4
14.8,3988,199,23.5,9.4
14.85,3998,201,23.5,9.4
14.9,4009,203,23.49,9.4
14.95,4019,202,23.48,9.4
15,4031,200,23.49,9.4
15.05,4038,195,23.48,9.4
15.1,4049,188,23.48,9.4
15.15,4059,180,23.47,9.4
15.2,4066,171,23.47,9.4
15.25,4076,160,23.46,9.4
15.3,4081,149,23.45,9.4
15.35,4090,137,23.45,9.4
15.4,4096,125,23.45,9.4
15.45,4101,112,23.45,9.4
15.5,4106,99,23.45,9.4
15.55,4110,86,23.45,9.4
15.6,4115,74,23.44,9.4
15.65,4117,60,23.44,9.4
15.7,4120,47,23.44,9.4
15.75,4120,34,23.45,9.4
15.8,4123,21,23.44,9.4
15.85,4123,9,23.45,9.4
15.9,4122,-2,23.45,9.4
15.95,4121,-13,23.44,9.4
16,4121,-22,23.44,9.4
16.05,4119,-31,23.45,9.4
16.1,4117,-39,23.45,9.4
16.15,4114,-46,23.45,9.4
16.2,4111,-52,23.45,9.4
16.25,4109,-58,23.45,9.4
16.3,4106,-63,23.45,9.4
16.35,4103,-67,23.45,9.4
16.4,4097,-71,23.47,9.4
16.45,4095,-75,23.46,9.4
16.5,4090,-79,23.47,9.4
16.55,4088,-84,23.47,9.4
16.6,4083,-90,23.47,9.4
16.65,4077,-95,23.47,9.4
16.7,4072,-101,23.49,9.4
16.75,4067,-106,23.49,9.4
16.8,4062,-109,23.49,9.4
16.85,4056,-112,23.5,9.4
16.9,4049,-113,23.5,9.4
16.95,4045,-113,23.5,9.4
17,4037,-110,23.5,9.4
17.05,4033,-104,23.51,9.4
17.1,4028,-95,23.52,9.4
17.15,4023,-83,23.52,9.4
17.2,4019,-69,23.52,9.4
17.25,4015,-54,23.52,9.4
17.3,4015,-41,23.52,9.4
17.35,4016,-34,23.52,9.4
17.4,4014,-35,23.53,9.4
17.45,4013,-44,23.54,9.4
17.5,4011,-56,23.54,9.4
17.55,4007,-68,23.54,9.4
17.6,4000,-75,23.54,9.4
17.65,3993,-78,23.54,9.4
17.7,3994,-75,23.54,9.4
17.75,3991,-68,23.54,9.4
17.8,3985,-59,23.54,9.4
17.85,3981,-45,23.54,9.4
17.9,3981,-28,23.54,9.4
17.95,3982,-9,23.54,9.4
18,3980,10,23.54,9.4
18.05,3977,23,23.55,9.4
18.1,3993,24,23.54,9.4
18.15,3992,17,23.54,9.4
18.2,3987,1,23.54,9.4
18.25,3987,-22,23.54,9.4
18.3,3987,-41,23.54,9.4
18.35,3979,-62,23.54,9.4
18.4,3980,-88,23.54,9.4
18.45,3975,-118,23.54,9.4
18.5,3967,-159,23.54,9.4
18.55,3960,-212,23.54,9.4
18.6,3947,-265,23.54,9.4
18.65,3928,-311,23.54,9.4
18.7,3906,-339,23.54,9.4
18.75,3885,-339,23.54,9.4
18.8,3862,-309,23.54,9.4
18.85,3851,-254,23.54,9.4
18.9,3842,-178,23.54,9.4
18.95,3837,-85,23.54,9.4
19,3836,19,23.54,9.4
19.05,3840,136,23.54,9.4
19.1,3850,253,23.54,9.4
19.15,3870,393,23.54,9.4
19.2,3903,567,23.54,9.4
19.25,3934,779,23.54,9.4
19.3,3975,1040,23.53,9.4
19.35,1791,1302,23.29,9.3
19.4,4142,1497,23.62,9.4
19.45,4260,1589,23.67,9.4
19.5,4352,1557,23.76,9.4
19.55,4396,1392,23.89,9.4
19.6,4458,1170,24.02,9.4
19.65,4488,927,24.19,9.4
19.7,4551,677,24.29,9.4
19.75,4571,457,24.42,9.4
19.8,4560,263,24.54,9.4
19.85,4565,95,24.65,9.4
19.9,4566,-23,24.76,9.4
19.95,4542,-120,24.86,9.4
20,4535,-231,24.94,9.4
20.05,4532,-393,25.02,9.4
20.1,3915,-655,25.49,9.4
20.15,3906,-986,25.52,9.4
20.2,4391,-1334,25.22,9.4
20.25,4312,-1629,25.28,9.4
20.3,4188,-1781,25.36,9.4
20.35,4071,-1744,25.44,9.4
20.4,3990,-1544,25.49,9.4
20.45,3902,-1213,25.54,9.4
20.5,3872,-830,25.54,9.4
20.55,3872,-479,25.54,9.4
20.6,3894,-188,25.52,9.4
20.65,3887,262,25.5,9.4
20.7,3891,588,25.49,9.4
20.75,3908,815,25.47,9.4
20.8,3932,970,25.45,9.4
20.85,3939,573,25.44,9.4
20.9,3960,213,25.39,9.4
20.95,3992,-105,25.35,9.4
21,4028,-391,25.32,9.4
21.05,4069,-387,25.26,9.4
21.1,4114,-380,25.2,9.4
21.15,4195,-363,25.12,9.4
21.2,4287,-330,25.03,9.4
21.25,4389,-283,24.96,9.4
21.3,4420,-222,24.94,9.4
21.35,4330,-151,25.02,9.4
21.4,4150,-74,25.12,9.4
21.45,4017,1,25.21,9.4
21.5,3927,67,25.26,9.4
21.55,3871,114,25.27,9.4
21.6,3835,136,25.26,9.4
21.65,3798,134,25.25,9.4
21.7,3758,111,25.23,9.4
21.75,3740,75,25.23,9.4
21.8,3752,37,25.22,9.4
21.85,3779,3,25.21,9.4
21.9,3796,-27,25.2,9.4
21.95,3790,-53,25.19,9.4
22,3780,-83,25.18,9.4
22.05,3763,-122,25.17,9.4
22.1,3744,-172,25.17,9.4
22.15,3730,-231,25.15,9.4
22.2,3725,-288,25.15,9.4
22.25,3731,-326,25.13,9.4
22.3,3763,-330,25.12,9.4
22.35,3822,-289,25.07,9.4
22.4,3933,-206,24.98,9.4
22.45,4055,-98,24.88,9.4
22.5,4187,12,24.78,9.4
22.55,4210,99,24.76,9.4
22.6,4222,151,24.71,9.4
22.65,4133,163,24.77,9.4
22.7,4065,143,24.81,9.4
22.75,3970,106,24.88,9.4
22.8,3922,63,24.92,9.4
22.85,3886,26,24.95,9.4
22.9,3906,-1,24.96,9.4
22.95,3898,-21,24.99,9.4
23,3864,-34,25,9.4
23.05,3814,-43,25.02,9.4
23.1,3761,-51,25.03,9.4
23.15,3707,-61,25.03,9.4
23.2,3649,-72,25.03,9.4
23.25,3608,-83,25.03,9.4
23.3,3621,-87,25.02,9.4
23.35,3690,-78,25,9.4
23.4,3825,-55,24.94,9.4
23.45,4017,-27,24.79,9.4
23.5,4178,-5,24.65,9.4
23.55,4276,0,24.55,9.4
23.6,4209,-16,24.57,9.4
23.65,4058,-42,24.65,9.4
23.7,3948,-67,24.74,9.4
23.75,3852,-86,24.82,9.4
23.8,3793,-96,24.86,9.4
23.85,3774,-102,24.9,9.4
23.9,3737,-105,24.91,9.4
23.95,3703,-106,24.93,9.4
24,3671,-101,24.94,9.4
24.05,3648,-90,24.95,9.4
24.1,3626,-74,24.96,9.4
24.15,3598,-58,24.95,9.4
24.2,3564,-50,24.95,9.4
24.25,3547,-57,24.93,9.4
24.3,3610,-84,24.9,9.4
24.35,3776,-130,24.81,9.4
24.4,4026,-186,24.67,9.4
24.45,4249,-236,24.54,9.4
24.5,4334,-261,24.44,9.4
24.55,4188,-254,24.5,9.4
24.6,4037,-214,24.57,9.4
24.65,3882,-159,24.65,9.4
24.7,3783,-106,24.74,9.4
24.75,3722,-67,24.79,9.4
24.8,3709,-49,24.81,9.4
24.85,3701,-45,24.81,9.4
24.9,3657,-51,24.83,9.4
24.95,3645,-58,24.86,9.4
25,3624,-62,24.86,9.4
25.05,3613,-61,24.86,9.4
25.1,3610,-56,24.86,9.4
25.15,3587,-48,24.86,9.4
25.2,3560,-46,24.86,9.4
25.25,3524,-61,24.86,9.4
25.3,3489,-101,24.85,9.4
25.35,3460,-164,24.85,9.4
25.4,3478,-234,24.83,9.4
25.45,3549,-289,24.78,9.4
25.5,3646,-309,24.71,9.4
25.55,3742,-289,24.65,9.4
25.6,3794,-242,24.63,9.4
25.65,3816,-184,24.61,9.4
25.7,3780,-130,24.63,9.4
25.75,3730,-85,24.65,9.4
25.8,3705,-47,24.67,9.4
25.85,3644,-13,24.7,9.4
25.9,3573,16,24.72,9.4
25.95,3533,34,24.73,9.4
26,3515,38,24.75,9.4
26.05,3503,27,24.75,9.4
26.1,3495,7,24.75,9.4
26.15,3521,-18,24.75,9.4
26.2,3507,-40,24.75,9.4
26.25,3514,-60,24.75,9.4
26.3,3525,-76,24.75,9.4
26.35,3533,-92,24.74,9.4
26.4,3534,-109,24.75,9.4
26.45,3546,-130,24.73,9.4
26.5,3565,-154,24.71,9.4
26.55,3566,-177,24.71,9.4
26.6,3576,-192,24.7,9.4
26.65,3564,-196,24.7,9.4
26.7,3570,-188,24.68,9.4
26.75,3606,-169,24.65,9.4
26.8,3679,-146,24.58,9.4
26.85,3696,-122,24.57,9.4
26.9,3786,-100,24.53,9.4
26.95,3754,-83,24.56,9.4
27,3686,-70,24.61,9.4
27.05,3613,-61,24.65,9.4
27.1,3544,-53,24.7,9.4
27.15,3479,-47,24.75,9.4
27.2,3400,-42,24.75,9.4
27.25,3320,-43,24.78,9.4
27.3,3289,-50,24.78,9.4
27.35,3287,-64,24.78,9.4
27.4,3316,-84,24.77,9.4
27.45,3349,-107,24.77,9.4
27.5,3368,-131,24.76,9.4
27.55,3391,-155,24.75,9.4
27.6,3385,-180,24.76,9.4
27.65,3380,-203,24.75,9.4
27.7,3408,-222,24.73,9.4
27.75,3407,-234,24.73,9.4
27.8,3409,-235,24.71,9.4
27.85,3408,-222,24.71,9.4
27.9,3387,-198,24.71,9.4
27.95,3376,-165,24.7,9.4
28,3387,-132,24.68,9.4
28.05,3410,-108,24.66,9.4
28.1,3403,-91,24.65,9.4
28.15,3444,-83,24.65,9.4
28.2,3451,-75,24.64,9.4
28.25,3457,-63,24.65,9.4
28.3,3442,-44,24.65,9.4
28.35,3351,-16,24.7,9.4
28.4,3329,21,24.68,9.4
28.45,3319,65,24.67,9.4
28.5,3278,110,24.69,9.4
28.55,3216,149,24.68,9.4
28.6,3156,178,24.69,9.4
28.65,3123,194,24.7,9.4
28.7,3126,196,24.68,9.4
28.75,3169,190,24.69,9.4
28.8,3246,180,24.68,9.4
28.85,3340,170,24.65,9.4
28.9,3432,164,24.59,9.4
28.95,3480,162,24.55,9.4
29,3448,162,24.56,9.4
29.05,3384,160,24.58,9.4
29.1,3308,154,24.6,9.4
29.15,3234,135,24.61,9.4
29.2,3183,106,24.61,9.4
29.25,3182,66,24.6,9.4
29.3,3224,20,24.58,9.4
29.35,3334,-22,24.53,9.4
29.4,3467,-56,24.45,9.4
29.45,3603,-76,24.37,9.4
29.5,3704,-80,24.3,9.4
29.55,3775,-70,24.23,9.4
29.6,3812,-52,24.19,9.4
29.65,3805,-37,24.18,9.4
29.7,3789,-34,24.18,9.4
29.75,3751,-46,24.18,9.4
29.8,3716,-71,24.19,9.4
29.85,3697,-99,24.21,9.4
29.9,3694,-118,24.21,9.4
29.95,3701,-116,24.19,9.4
30,3716,-83,24.18,9.4
30.05,3741,-20,24.16,9.4
30.1,3755,62,24.16,9.4
30.15,3709,135,24.22,9.4
30.2,3585,170,24.3,9.4
30.25,3451,146,24.39,9.4
30.3,3308,62,24.47,9.4
30.35,3193,-58,24.54,9.4
30.4,3109,-183,24.58,9.4
30.45,3062,-287,24.59,9.4
30.5,3056,-357,24.58,9.4
30.55,3070,-392,24.58,9.4
30.6,3091,-401,24.58,9.4
30.65,3112,-391,24.57,9.4
30.7,3123,-372,24.56,9.4
30.75,3141,-349,24.55,9.4
30.8,3108,-328,24.53,9.4
30.85,3144,-313,24.51,9.4
30.9,3170,-307,24.48,9.4
30.95,3194,-308,24.44,9.4
31,3244,-309,24.36,9.4
31.05,3415,-302,24.23,9.4
31.1,3597,-277,24.11,9.4
31.15,3744,-227,24.05,9.4
31.2,3702,-154,24.13,9.4
31.25,3466,-62,24.3,9.4
31.3,3175,35,24.44,9.4
31.35,3007,121,24.49,9.4
31.4,2931,177,24.49,9.4
31.45,2920,191,24.49,9.4
31.5,2954,164,24.49,9.4
31.55,2987,107,24.47,9.4
31.6,3020,38,24.46,9.4
31.65,3050,-24,24.45,9.4
31.7,3085,-75,24.43,9.4
31.75,3092,-113,24.41,9.4
31.8,3118,-143,24.38,9.4
31.85,3125,-168,24.35,9.4
31.9,3103,-195,24.34,9.4
31.95,3097,-230,24.32,9.4
32,3106,-279,24.29,9.4
32.05,3139,-332,24.26,9.4
32.1,3181,-365,24.22,9.4
32.15,3238,-353,24.16,9.4
32.2,3306,-285,24.1,9.4
32.25,3393,-177,24.02,9.4
32.3,3496,-65,23.97,9.4
32.35,3594,18,23.92,9.4
32.4,3584,56,23.97,9.4
32.45,3498,53,24.05,9.4
32.5,3276,27,24.22,9.4
32.55,3086,-3,24.35,9.4
32.6,3020,-29,24.41,9.4
32.65,2974,-48,24.41,9.4
32.7,2904,-60,24.39,9.4
32.75,2817,-66,24.39,9.4
32.8,2786,-70,24.38,9.4
32.85,2805,-73,24.38,9.4
32.9,2814,-76,24.38,9.4
32.95,2779,-81,24.38,9.4
33,2761,-91,24.38,9.4
33.05,2744,-101,24.39,9.4
33.1,2792,-114,24.37,9.4
33.15,2948,-127,24.32,9.4
33.2,3139,-142,24.22,9.4
33.25,3232,-159,24.14,9.4
33.3,3220,-177,24.12,9.4
33.35,3137,-191,24.13,9.4
33.4,3069,-193,24.16,9.4
33.45,2986,-182,24.22,9.4
33.5,2958,-156,24.24,9.4
33.55,2948,-115,24.25,9.4
33.6,2934,-55,24.26,9.4
33.65,2955,14,24.25,9.4
33.7,2956,82,24.26,9.4
33.75,2987,131,24.26,9.4
33.8,2974,139,24.27,9.4
33.85,2962,116,24.26,9.4
33.9,2953,73,24.26,9.4
33.95,2950,24,24.25,9.4
34,2933,-19,24.24,9.4
34.05,2952,-60,24.23,9.4
34.1,2979,-104,24.18,9.4
34.15,3066,-150,24.02,9.4
34.2,3083,-190,24.09,9.4
34.25,3161,-217,24.05,9.4
34.3,3174,-224,24.05,9.4
34.35,3170,-216,24.08,9.4
34.4,3076,-199,24.15,9.4
34.45,2957,-180,24.23,9.4
34.5,2865,-167,24.28,9.4
34.55,2853,-161,24.3,9.4
34.6,2884,-160,24.26,9.4
34.65,3105,-163,24.04,9.4
34.7,3349,-166,23.86,9.4
34.75,3169,-169,23.99,9.4
34.8,3015,-168,24.15,9.4
34.85,2934,-164,24.22,9.4
34.9,2805,-160,24.27,9.4
34.95,2704,-157,24.28,9.4
35,2646,-159,24.28,9.4
35.05,2631,-165,24.28,9.4
35.1,2669,-175,24.28,9.4
35.15,2703,-184,24.28,9.4
35.2,2721,-184,24.28,9.4
35.25,2736,-171,24.24,9.4
35.3,2716,-139,24.23,9.4
35.35,2674,-90,24.23,9.4
35.4,2661,-36,24.23,9.4
35.45,2655,7,24.23,9.4
35.5,2642,16,24.23,9.4
35.55,2640,-22,24.22,9.4
35.6,2637,-96,24.21,9.4
35.65,2634,-183,24.2,9.4
35.7,2631,-254,24.21,9.4
35.75,2639,-280,24.2,9.4
35.8,2642,-267,24.2,9.4
35.85,2642,-228,24.19,9.4
35.9,2650,-176,24.19,9.4
35.95,2654,-133,24.19,9.4
36,2646,-104,24.19,9.4
36.05,2645,-89,24.19,9.4
36.1,2663,-88,24.18,9.4
36.15,2712,-96,24.13,9.4
36.2,2769,-104,24.09,9.4
36.25,2844,-109,24.02,9.4
36.3,2935,-109,23.97,9.4
36.35,3020,-107,23.91,9.4
36.4,3082,-105,23.86,9.4
36.45,3054,-105,23.87,9.4
36.5,2956,-108,23.93,9.4
36.55,2802,-111,24.01,9.4
36.6,2680,-113,24.07,9.4
36.65,2582,-112,24.1,9.4
36.7,2513,-106,24.12,9.4
36.75,2477,-96,24.13,9.4
36.8,2470,-85,24.11,9.4
36.85,2478,-75,24.11,9.4
36.9,2487,-67,24.09,9.4
36.95,2498,-64,24.09,9.4
37,2508,-65,24.08,9.4
37.05,2512,-70,24.07,9.4
37.1,2510,-82,24.06,9.4
37.15,2506,-102,24.05,9.4
37.2,2499,-131,24.04,9.4
37.25,2489,-169,24.04,9.4
37.3,2481,-210,24.03,9.4
37.35,2468,-245,24.02,9.4
37.4,2453,-264,24.02,9.4
37.45,2438,-263,24.02,9.4
37.5,2420,-240,24,9.4
37.55,2405,-203,24,9.4
37.6,2399,-161,23.99,9.4
37.65,2410,-122,23.97,9.4
37.7,2446,-92,23.97,9.4
37.75,2487,-73,23.96,9.4
37.8,2505,-64,23.96,9.4
37.85,2532,-62,23.96,9.4
37.9,2530,-64,23.94,9.4
37.95,2537,-67,23.92,9.4
38,2523,-68,23.92,9.4
38.05,2519,-69,23.9,9.4
38.1,2529,-68,23.89,9.4
38.15,2553,-66,23.89,9.4
38.2,2551,-64,23.89,9.4
38.25,2503,-59,23.9,9.4
38.3,2491,-52,23.91,9.4
38.35,2495,-43,23.9,9.4
38.4,2472,-31,23.9,9.4
38.45,2444,-19,23.89,9.4
38.5,2413,-7,23.89,9.4
38.55,2379,2,23.89,9.4
38.6,2368,5,23.88,9.4
38.65,2367,1,23.87,9.4
38.7,2364,-9,23.87,9.4
38.75,2365,-23,23.86,9.4
38.8,2364,-37,23.86,9.4
38.85,2361,-50,23.86,9.4
38.9,2358,-59,23.86,9.4
38.95,2370,-65,23.84,9.4
39,2378,-70,23.82,9.4
39.05,2380,-78,23.81,9.4
39.1,2374,-88,23.81,9.4
39.15,2370,-98,23.81,9.4
39.2,2367,-106,23.8,9.4
39.25,2372,-108,23.79,9.4
39.3,2376,-105,23.79,9.4
39.35,2389,-96,23.77,9.4
39.4,2403,-83,23.77,9.4
39.45,2416,-71,23.76,9.4
39.5,2416,-64,23.74,9.4
39.55,2431,-63,23.72,9.4
39.6,2444,-67,23.7,9.4
39.65,2442,-70,23.67,9.4
39.7,2427,-68,23.67,9.4
39.75,2430,-59,23.66,9.4
39.8,2435,-45,23.65,9.4
39.85,2392,-29,23.66,9.4
39.9,2389,-12,23.66,9.4
39.95,2417,2,23.64,9.4
40,2391,16,23.64,9.4
40.05,2363,28,23.66,9.4
40.1,2336,39,23.66,9.4
40.15,2315,46,23.68,9.4
40.2,2300,44,23.68,9.4
40.25,2273,30,23.7,9.4
40.3,2283,3,23.69,9.4
40.35,2298,-30,23.69,9.4
40.4,2331,-60,23.69,9.4
40.45,2323,-80,23.67,9.4
40.5,2276,-84,23.69,9.4
40.55,2233,-66,23.68,9.4
40.6,2204,-28,23.67,9.4
40.65,2203,19,23.66,9.4
40.7,2237,59,23.66,9.4
40.75,2275,73,23.64,9.4
40.8,2302,54,23.62,9.4
40.85,2348,17,23.6,9.4
40.9,2374,-22,23.58,9.4
40.95,2415,-54,23.55,9.4
41,2440,-74,23.52,9.4
41.05,2438,-88,23.49,9.4
41.1,2465,-98,23.44,9.4
41.15,2510,-101,23.39,9.4
41.2,2502,-92,23.39,9.4
41.25,2402,-66,23.46,9.4
41.3,2288,-29,23.55,9.4
41.35,2257,11,23.58,9.4
41.4,2229,40,23.58,9.4
41.45,2215,50,23.56,9.4
41.5,2235,42,23.55,9.4
41.55,2306,20,23.5,9.4
41.6,2449,-9,23.39,9.4
41.65,2676,-38,23.19,9.4
41.7,2778,-66,23.09,9.4
41.75,2570,-89,23.22,9.4
41.8,2359,-108,23.38,9.4
41.85,2300,-124,23.45,9.4
41.9,2285,-140,23.49,9.4
41.95,2249,-160,23.51,9.4
42,2198,-183,23.51,9.4
42.05,2136,-203,23.5,9.4
42.1,2089,-208,23.5,9.4
42.15,2058,-186,23.5,9.4
42.2,2095,-131,23.49,9.4
42.25,2189,-55,23.41,9.4
42.3,2372,21,23.29,9.4
42.35,2509,72,23.2,9.4
42.4,2468,83,23.19,9.4
42.45,2378,56,23.24,9.4
42.5,2283,-5,23.3,9.4
42.55,2185,-87,23.36,9.4
42.6,2132,-169,23.39,9.4
42.65,2095,-236,23.41,9.4
42.7,2081,-272,23.43,9.4
42.75,2076,-270,23.43,9.4
42.8,2100,-244,23.43,9.4
42.85,2128,-210,23.43,9.4
42.9,2120,-175,23.44,9.4
42.95,2085,-144,23.44,9.4
43,2034,-115,23.42,9.4
43.05,1992,-87,23.43,9.4
43.1,2001,-68,23.39,9.4
43.15,2121,-65,23.34,9.4
43.2,2296,-83,23.24,9.4
43.25,2463,-117,23.13,9.4
43.3,2542,-157,23.03,9.4
43.35,2489,-186,23.03,9.4
43.4,2389,-192,23.1,9.4
43.45,2270,-177,23.18,9.4
43.5,2178,-147,23.24,9.4
43.55,2125,-116,23.3,9.4
43.6,2082,-96,23.32,9.4
43.65,2035,-85,23.34,9.4
43.7,1990,-82,23.35,9.4
43.75,1945,-80,23.35,9.4
43.8,1918,-71,23.35,9.4
43.85,1931,-57,23.35,9.4
43.9,1953,-38,23.35,9.4
43.95,1973,-18,23.35,9.4
44,1984,-4,23.35,9.4
44.05,1991,-4,23.34,9.4
44.1,2001,-25,23.32,9.4
44.15,2005,-71,23.3,9.4
44.2,2017,-136,23.27,9.4
44.25,2017,-202,23.24,9.4
44.3,2027,-253,23.23,9.4
44.35,2017,-275,23.22,9.4
44.4,2010,-269,23.23,9.4
44.45,1995,-243,23.23,9.4
44.5,1995,-208,23.24,9.4
44.55,1989,-170,23.24,9.4
44.6,1999,-134,23.24,9.4
44.65,1886,-100,23.3,9.4
44.7,1857,-70,23.32,9.4
44.75,1966,-46,23.21,9.4
44.8,2025,-29,23.19,9.4
44.85,2035,-22,23.17,9.4
44.9,2042,-22,23.16,9.4
44.95,2050,-27,23.16,9.4
45,2045,-34,23.17,9.4
45.05,2050,-43,23.17,9.4
45.1,2076,-56,23.18,9.4
45.15,2038,-76,23.18,9.4
45.2,1997,-101,23.2,9.4
45.25,1932,-127,23.22,9.4
45.3,1870,-144,23.23,9.4
45.35,1819,-146,23.23,9.4
45.4,1784,-132,23.24,9.4
45.45,1783,-109,23.23,9.4
45.5,1800,-79,23.22,9.4
45.55,1824,-45,23.22,9.4
45.6,1848,-13,23.2,9.4
45.65,1856,20,23.19,9.4
45.7,1876,48,23.18,9.4
45.75,1900,69,23.17,9.4
45.8,1914,86,23.17,9.4
45.85,1918,98,23.15,9.4
45.9,1923,106,23.13,9.4
45.95,1905,107,23.13,9.4
46,1906,102,23.12,9.4
46.05,1921,96,23.1,9.4
46.1,1897,92,23.1,9.4
46.15,1834,99,23.08,9.4
46.2,1748,115,23.08,9.4
46.25,1673,139,23.07,9.4
46.3,1673,167,23.07,9.4
46.35,1732,192,23.07,9.4
46.4,1795,211,23.06,9.4
46.45,1838,220,23.04,9.4
46.5,1896,222,23.03,9.4
46.55,1938,218,22.98,9.4
46.6,1958,208,22.94,9.4
46.65,2010,194,22.89,9.4
46.7,2086,173,22.82,9.4
46.75,2174,148,22.75,9.4
46.8,2250,121,22.7,9.4
46.85,2282,96,22.66,9.4
46.9,2276,76,22.65,9.4
46.95,2246,63,22.66,9.4
47,2247,59,22.67,9.4
47.05,2208,64,22.67,9.4
47.1,2195,79,22.68,9.4
47.15,2197,99,22.66,9.4
47.2,2190,118,22.66,9.4
47.25,2213,131,22.66,9.4
47.3,2209,130,22.64,9.4
47.35,2233,118,22.63,9.4
47.4,2237,101,22.61,9.4
47.45,2242,86,22.6,9.4
47.5,2251,78,22.59,9.4
47.55,2259,78,22.58,9.4
47.6,2265,79,22.58,9.4
47.65,2234,72,22.6,9.4
47.7,2193,49,22.61,9.4
47.75,2139,5,22.64,9.4
47.8,2091,-56,22.68,9.4
47.85,2047,-122,22.72,9.4
47.9,2008,-183,22.75,9.4
47.95,2003,-229,22.76,9.4
48,2019,-258,22.76,9.4
48.05,2028,-273,22.76,9.4
48.1,2008,-281,22.75,9.4
48.15,1997,-286,22.74,9.4
48.2,1999,-292,22.71,9.4
48.25,1973,-302,22.75,9.4
48.3,1972,-314,22.75,9.4
48.35,1967,-328,22.74,9.4
48.4,1986,-343,22.73,9.4
48.45,2013,-357,22.7,9.4
48.5,2067,-371,22.66,9.4
48.55,2132,-380,22.61,9.4
48.6,2206,-383,22.56,9.4
48.65,2256,-379,22.56,9.4
48.7,2250,-366,22.56,9.4
48.75,2156,-348,22.66,9.4
48.8,2015,-327,22.74,9.4
48.85,1857,-309,22.82,9.4
48.9,1754,-296,22.9,9.4
48.95,1696,-289,22.92,9.4
49,1666,-285,22.93,9.4
49.05,1651,-283,22.94,9.4
49.1,1640,-281,22.95,9.4
49.15,1640,-279,22.96,9.4
49.2,1626,-277,22.97,9.4
49.25,1608,-277,22.97,9.4
49.3,1588,-281,22.97,9.4
49.35,1566,-291,22.97,9.4
49.4,1548,-305,22.97,9.4
49.45,1524,-320,22.97,9.4
49.5,1503,-331,22.97,9.4
49.55,1485,-329,22.97,9.4
49.6,1472,-304,22.96,9.4
49.65,1462,-253,22.96,9.4
49.7,1460,-176,22.95,9.4
49.75,1458,-82,22.95,9.4
49.8,1455,12,22.95,9.4
49.85,1457,93,22.93,9.4
49.9,1459,151,22.92,9.4
49.95,1460,187,22.92,9.4
50,1460,198,22.9,9.4
50.05,1463,185,22.89,9.4
50.1,1459,146,22.88,9.4
50.15,1455,85,22.87,9.4
50.2,1450,17,22.85,9.4
50.25,1437,-44,22.85,9.4
50.3,1417,-85,22.85,9.4
50.35,1402,-102,22.83,9.4
50.4,1384,-101,22.83,9.4
50.45,1389,-91,22.82,9.4
50.5,1437,-74,22.78,9.4
50.55,1535,-52,22.73,9.4
50.6,1671,-25,22.66,9.4
50.65,1834,4,22.57,9.4
50.7,1998,28,22.46,9.4
50.75,2096,43,22.37,9.4
50.8,2140,41,22.3,9.4
50.85,2100,27,22.29,9.4
50.9,2095,7,22.28,9.4
50.95,2079,-15,22.27,9.4
51,2106,-29,22.28,9.4
51.05,2035,-39,22.35,9.4
51.1,1841,-44,22.5,9.4
51.15,1608,-46,22.64,9.4
51.2,1435,-46,22.71,9.4
51.25,1337,-42,22.71,9.4
51.3,1327,-34,22.7,9.4
51.35,1345,-27,22.7,9.4
51.4,1352,-29,22.7,9.4
51.45,1352,-45,22.68,9.4
51.5,1349,-79,22.67,9.4
51.55,1397,-131,22.65,9.4
51.6,1484,-196,22.6,9.4
51.65,1554,-264,22.55,9.4
51.7,1592,-325,22.52,9.4
51.75,1577,-369,22.51,9.4
51.8,1535,-394,22.52,9.4
51.85,1487,-402,22.55,9.4
51.9,1344,-397,22.63,9.4
51.95,1410,-379,22.6,9.4
52,1390,-341,22.61,9.4
52.05,1378,-278,22.61,9.4
52.1,1352,-190,22.61,9.4
52.15,1343,-91,22.61,9.4
52.2,1337,2,22.62,9.4
52.25,1346,73,22.63,9.4
52.3,1370,119,22.63,9.4
52.35,1373,143,22.63,9.4
52.4,1354,150,22.63,9.4
52.45,1334,144,22.62,9.4
52.5,1319,126,22.61,9.4
52.55,1312,94,22.61,9.4
52.6,1302,53,22.61,9.4
52.65,1299,11,22.62,9.4
52.7,1307,-24,22.61,9.4
52.75,1311,-45,22.62,9.4
52.8,1313,-55,22.61,9.4
52.85,1311,-58,22.62,9.4
52.9,1324,-58,22.62,9.4
52.95,1341,-65,22.61,9.4
53,1373,-75,22.6,9.4
53.05,1424,-85,22.56,9.4
53.1,1473,-96,22.51,9.4
53.15,1533,-103,22.46,9.4
53.2,1569,-109,22.43,9.4
53.25,1610,-114,22.38,9.4
53.3,1645,-117,22.35,9.4
53.35,1657,-117,22.33,9.4
53.4,1662,-113,22.32,9.4
53.45,1651,-108,22.32,9.4
53.5,1627,-103,22.33,9.4
53.55,1586,-100,22.35,9.4
53.6,1542,-98,22.37,9.4
53.65,1500,-96,22.39,9.4
53.7,1448,-94,22.42,9.4
53.75,1401,-91,22.45,9.4
53.8,1355,-87,22.47,9.4
53.85,1313,-84,22.5,9.4
53.9,1274,-83,22.51,9.4
53.95,1238,-86,22.53,9.4
54,1199,-94,22.55,9.4
54.05,1163,-106,22.55,9.4
54.1,1139,-120,22.55,9.4
54.15,1125,-137,22.56,9.4
54.2,1127,-153,22.55,9.4
54.25,1124,-168,22.55,9.4
54.3,1129,-180,22.54,9.4
54.35,1131,-189,22.53,9.4
54.4,1129,-192,22.52,9.4
54.45,1124,-188,22.51,9.4
54.5,1119,-179,22.51,9.4
54.55,1113,-161,22.5,9.4
54.6,1112,-137,22.49,9.4
54.65,1118,-104,22.48,9.4
54.7,1129,-62,22.47,9.4
54.75,1145,-13,22.46,9.4
54.8,1155,41,22.45,9.4
54.85,1169,97,22.45,9.4
54.9,1188,149,22.43,9.4
54.95,1209,196,22.41,9.4
55,1223,232,22.4,9.4
55.05,1241,256,22.37,9.4
55.1,1262,270,22.35,9.4
55.15,1270,274,22.33,9.4
55.2,1280,272,22.31,9.4
55.25,1277,269,22.29,9.4
55.3,1276,263,22.28,9.4
55.35,1276,255,22.28,9.4
55.4,1267,241,22.26,9.4
55.45,1258,217,22.26,9.4
55.5,1254,184,22.24,9.4
55.55,1259,142,22.24,9.4
55.6,1272,92,22.23,9.4
55.65,1304,43,22.21,9.4
55.7,1357,-3,22.19,9.4
55.75,1428,-44,22.14,9.4
55.8,1512,-75,22.09,9.4
55.85,1584,-101,22.04,9.4
55.9,1645,-122,22,9.4
55.95,1687,-139,21.96,9.4
56,1683,-153,21.94,9.4
56.05,1713,-163,21.93,9.4
56.1,1661,-170,21.93,9.4
56.15,1654,-173,21.93,9.4
56.2,1647,-174,21.92,9.4
56.25,1650,-172,21.93,9.4
56.3,1633,-170,21.94,9.4
56.35,1646,-167,21.94,9.4
56.4,1557,-165,22,9.4
56.45,1501,-166,22.07,9.4
56.5,1440,-171,22.14,9.4
56.55,1278,-181,22.22,9.4
56.6,1182,-198,22.27,9.4
56.65,1104,-221,22.29,9.4
56.7,1034,-247,22.33,9.4
56.75,994,-271,22.33,9.4
56.8,966,-289,22.34,9.4
56.85,942,-297,22.33,9.4
56.9,926,-295,22.33,9.4
56.95,918,-284,22.33,9.4
57,915,-269,22.31,9.4
57.05,920,-257,22.31,9.4
57.1,926,-250,22.29,9.4
57.15,931,-252,22.29,9.4
57.2,941,-262,22.29,9.4
57.25,948,-272,22.28,9.4
57.3,948,-277,22.28,9.4
57.35,951,-273,22.27,9.4
57.4,944,-253,22.26,9.4
57.45,935,-221,22.26,9.4
57.5,924,-179,22.26,9.4
57.55,908,-130,22.24,9.4
57.6,887,-84,22.24,9.4
57.65,876,-43,22.23,9.4
57.7,881,-10,22.23,9.4
57.75,911,13,22.21,9.4
57.8,972,30,22.17,9.4
57.85,1045,43,22.12,9.4
57.9,1117,54,22.05,9.4
57.95,1178,66,21.98,9.4
58,1218,79,21.94,9.4
58.05,1216,46,21.93,9.4
58.1,1188,18,21.94,9.4
58.15,1140,-13,21.98,9.4
58.2,1103,-54,22.01,9.4
58.25,1072,-14,22.03,9.4
58.3,1050,1,22.03,9.4
58.35,1045,3,22.03,9.4
58.4,1047,6,22.03,9.4
58.45,1044,-28,22.03,9.4
58.5,1044,-46,22.03,9.4
58.55,1047,-54,22.03,9.4
58.6,1051,-59,22.03,9.4
58.65,1037,-67,22.03,9.4
58.7,1027,-83,22.04,9.4
58.75,1039,-107,22.05,9.4
58.8,1033,-141,22.06,9.4
58.85,1032,-179,22.04,9.4
58.9,1037,-218,22.03,9.4
58.95,1054,-249,22.01,9.4
59,1103,-266,21.96,9.4
59.05,1158,-265,21.91,9.4
59.1,1237,-248,21.85,9.4
59.15,-271,-221,21.77,9.4
59.2,1374,-192,21.78,9.4
59.25,1212,-172,21.92,9.4
59.3,994,-165,22.08,9.4
59.35,867,-171,22.16,9.4
59.4,843,-182,22.18,9.4
59.45,830,-194,22.19,9.4
59.5,799,-199,22.2,9.4
59.55,773,-197,22.21,9.4
59.6,760,-192,22.22,9.4
59.65,753,-187,22.23,9.4
59.7,741,-183,22.22,9.4
59.75,714,-183,22.22,9.4
59.8,691,-185,22.23,9.4
59.85,674,-191,22.23,9.4
59.9,656,-202,22.23,9.4
59.95,649,-218,22.23,9.4
60,645,-193,22.24,9.4
60.05,653,-175,22.24,9.4
60.1,707,-151,22.21,9.4
60.15,772,-113,22.18,9.4
60.2,794,-148,22.15,9.4
60.25,758,-151,22.19,9.4
60.3,736,-136,22.21,9.4
60.35,689,-122,22.21,9.4
60.4,626,-75,22.23,9.4
60.45,629,-50,22.23,9.4
60.5,661,-44,22.23,9.4
60.55,678,-47,22.23,9.4
60.6,681,-53,22.23,9.4
60.65,688,-58,22.23,9.4
60.7,681,-58,22.24,9.4
60.75,677,-54,22.23,9.4
60.8,670,-45,22.24,9.4
60.85,664,-35,22.23,9.4
60.9,660,-27,22.23,9.4
60.95,637,-24,22.21,9.4
61,615,-30,22.22,9.4
61.05,601,-43,22.21,9.4
61.1,590,-63,22.21,9.4
61.15,606,-84,22.2,9.4
61.2,637,-97,22.19,9.4
61.25,686,-99,22.18,9.4
61.3,736,-92,22.16,9.4
61.35,768,-80,22.14,9.4
61.4,758,-70,22.13,9.4
61.45,721,-66,22.14,9.4
61.5,697,-66,22.14,9.4
61.55,654,-68,22.18,9.4
61.6,621,-68,22.2,9.4
61.65,602,-67,22.21,9.4
61.7,601,-64,22.22,9.4
61.75,604,-60,22.21,9.4
61.8,603,-53,22.23,9.4
61.85,617,-42,22.23,9.4
61.9,631,-27,22.24,9.4
61.95,601,-8,22.25,9.4
62,614,12,22.24,9.4
62.05,596,29,22.27,9.4
62.1,563,41,22.28,9.4
62.15,557,43,22.29,9.4
62.2,549,35,22.3,9.4
62.25,540,22,22.31,9.4
62.3,532,6,22.32,9.4
62.35,528,-6,22.33,9.4
62.4,528,-14,22.34,9.4
62.45,528,-17,22.34,9.4
62.5,529,-18,22.35,9.4
62.55,540,-19,22.35,9.4
62.6,551,-19,22.34,9.4
62.65,565,-21,22.33,9.4
62.7,564,-25,22.35,9.4
62.75,554,-31,22.35,9.4
62.8,552,-37,22.35,9.4
62.85,579,-42,22.33,9.4
62.9,646,-46,22.29,9.4
62.95,653,-46,22.29,9.4
63,651,-44,22.29,9.4
63.05,685,-40,22.26,9.4
63.1,745,-35,22.23,9.4
63.15,742,-30,22.24,9.4
63.2,719,-26,22.24,9.4
63.25,716,-22,22.24,9.4
63.3,736,-19,22.23,9.4
63.35,736,-14,22.23,9.4
63.4,691,-7,22.28,9.4
63.45,646,3,22.31,9.4
63.5,614,15,22.35,9.4
63.55,590,28,22.38,9.4
63.6,579,40,22.4,9.4
63.65,555,51,22.42,9.4
63.7,535,60,22.45,9.4
63.75,533,64,22.46,9.4
63.8,533,61,22.46,9.4
63.85,525,52,22.48,9.4
63.9,517,39,22.49,9.4
63.95,515,23,22.5,9.4
64,509,4,22.51,9.4
64.05,504,-16,22.52,9.4
64.1,503,-36,22.52,9.4
64.15,499,-53,22.53,9.4
64.2,498,-67,22.54,9.4
64.25,495,-75,22.54,9.4
64.3,493,-78,22.55,9.4
64.35,498,-76,22.55,9.4
64.4,523,-68,22.52,9.4
64.45,568,-57,22.5,9.4
64.5,604,-44,22.46,9.4
64.55,625,-33,22.45,9.4
64.6,657,-24,22.43,9.4
64.65,694,-18,22.4,9.4
64.7,709,-13,22.39,9.4
64.75,700,-10,22.4,9.4
64.8,692,-9,22.4,9.4
64.85,698,-8,22.4,9.4
64.9,703,-7,22.39,9.4
64.95,690,-6,22.4,9.4
65,667,-5,22.42,9.4
65.05,641,-4,22.45,9.4
65.1,613,-4,22.47,9.4
65.15,591,-4,22.5,9.4
65.2,574,-4,22.51,9.4
65.25,564,-5,22.52,9.4
65.3,555,-9,22.53,9.4
65.35,550,-17,22.53,9.4
65.4,540,-28,22.55,9.4
65.45,539,-43,22.56,9.4
65.5,534,-59,22.56,9.4
65.55,528,-75,22.56,9.4
65.6,525,-89,22.56,9.4
65.65,521,-100,22.58,9.4
65.7,518,-107,22.58,9.4
65.75,512,-110,22.58,9.4
65.8,508,-111,22.58,9.4
65.85,505,-110,22.59,9.4
65.9,504,-106,22.59,9.4
65.95,500,-100,22.6,9.4
66,496,-91,22.6,9.4
66.05,495,-79,22.6,9.4
66.1,492,-67,22.59,9.4
66.15,490,-57,22.6,9.4
66.2,488,-47,22.6,9.4
66.25,485,-40,22.6,9.4
66.3,484,-35,22.6,9.4
66.35,483,-31,22.6,9.4
66.4,483,-28,22.6,9.4
66.45,481,-26,22.6,9.4
66.5,481,-24,22.6,9.4
66.55,481,-22,22.59,9.4
66.6,481,-19,22.6,9.4
66.65,481,-17,22.6,9.4
66.7,481,-15,22.6,9.4
66.75,482,-12,22.6,9.4
66.8,481,-10,22.6,9.4
66.85,483,-8,22.6,9.4
66.9,483,-7,22.6,9.4
66.95,485,-6,22.6,9.4
67,486,-5,22.61,9.4
67.05,486,-4,22.61,9.4
67.1,487,-3,22.6,9.4
67.15,488,-3,22.6,9.4
67.2,489,-4,22.61,9.4
67.25,489,-4,22.61,9.4
67.3,490,-4,22.6,9.4
67.35,489,-5,22.6,9.4
67.4,488,-6,22.6,9.4
67.45,487,-6,22.61,9.4
67.5,486,-7,22.61,9.4
67.55,487,-8,22.61,9.4
67.6,488,-9,22.61,9.4
67.65,487,-10,22.61,9.4
67.7,489,-11,22.61,9.4
67.75,490,-12,22.6,9.4
67.8,492,-13,22.6,9.4
67.85,490,-14,22.6,9.4
67.9,488,-15,22.61,9.4
67.95,487,-16,22.6,9.4
68,489,-18,22.6,9.4
68.05,487,-19,22.6,9.4
68.1,484,-20,22.6,9.4
68.15,480,-21,22.6,9.4
68.2,478,-22,22.61,9.4
68.25,475,-22,22.61,9.4
68.3,475,-23,22.6,9.4
68.35,471,-23,22.61,9.4
68.4,468,-23,22.61,9.4
68.45,468,-24,22.61,9.4
68.5,467,-24,22.61,9.4
68.55,465,-25,22.61,9.4
68.6,461,-26,22.61,9.4
68.65,461,-27,22.61,9.4
68.7,460,-28,22.61,9.4
68.75,457,-29,22.61,9.4
68.8,455,-30,22.61,9.4
68.85,453,-30,22.61,9.4
68.9,453,-31,22.61,9.4
68.95,452,-31,22.61,9.4
69,449,-32,22.61,9.4
69.05,448,-32,22.61,9.4
69.1,446,-32,22.61,9.4
69.15,446,-32,22.61,9.4
69.2,446,-31,22.62,9.4
69.25,445,-31,22.61,9.4
69.3,444,-31,22.61,9.4
69.35,442,-30,22.61,9.4
69.4,441,-30,22.61,9.4
69.45,440,-30,22.62,9.4
69.5,438,-30,22.61,9.4
69.55,438,-31,22.61,9.4
69.6,436,-31,22.61,9.4
69.65,435,-31,22.62,9.4
69.7,434,-31,22.62,9.4
69.75,431,-31,22.62,9.4
69.8,430,-30,22.63,9.4
69.85,430,-29,22.62,9.4
69.9,428,-26,22.62,9.4
69.95,425,-23,22.63,9.4
70,423,-18,22.63,9.4
70.05,421,-12,22.63,9.4
70.1,419,-4,22.63,9.4
70.15,417,5,22.63,9.4
70.2,417,16,22.63,9.4
70.25,414,29,22.63,9.4
70.3,412,42,22.63,9.4
70.35,411,56,22.64,9.4
70.4,408,71,22.63,9.4
70.45,407,85,22.64,9.4
70.5,405,98,22.64,9.4
70.55,403,110,22.64,9.4
70.6,400,119,22.64,9.4
70.65,398,126,22.65,9.4
70.7,396,130,22.65,9.4
70.75,396,132,22.65,9.4
70.8,395,131,22.65,9.4
70.85,398,28,22.65,9.4
70.9,403,-65,22.65,9.4
70.95,410,-143,22.63,9.4
71,420,-203,22.63,9.4
71.05,434,-39,22.61,9.4
71.1,453,130,22.61,9.4
71.15,475,296,22.6,9.4
71.2,498,452,22.57,9.4
71.25,522,489,22.56,9.4
71.3,551,512,22.53,9.4
71.35,581,518,22.51,9.4
71.4,608,504,22.5,9.4
71.45,633,467,22.48,9.4
71.5,655,313,22.46,9.4
71.55,677,313,22.45,9.4
71.6,691,313,22.43,9.4
71.65,694,313,22.43,9.4
71.7,692,313,22.43,9.4
71.75,690,313,22.43,9.4
71.8,686,313,22.43,9.4
71.85,675,313,22.43,9.4
71.9,657,313,22.45,9.4
71.95,635,313,22.46,9.4
